team,player_name,conc_player_name,position,games_played,games_started,minutes_played,goals,accurate_pass_percentage,assists,assists_avg_over_90_mins,total_scoring_attempts,on_target_scoring_attempts,total_attacking_assists,tackles,fouls_committed,fouls_suffered,total_offside,yellow_cards,red_cards,goals_avg_over_90_mins,penalty_kick_goals,penalty_kick_taken,penalty_kick_percentage,accurate_shooting_percentage,successful_dribble,dribble_percentage,goals_and_assists,accurate_passes,total_passes,accurate_pass_percentage,crosses,accurate_long_balls,successful_short_passes,turnovers,tackles_percentage,interceptions,headed_duel,saves,penalty_kicks_conceded,long_ball_percentage,total_clearance
Orlando Pride,Kerry Abello,KERRYABELLO,DEFENDER,20,14,1256,1,79,0,0,22,12,0,25,20,10,1,1,0,0.07,0,0,0,55,23,58,1,326,413,79,4,14,308,200,64,7,19,,,,
Chicago Red Stars,Jillienne Cole Aguilera,JILLIENNE COLEAGUILERA,MIDFIELDER,11,1,176,0,62,0,0,4,0,0,0,2,2,0,0,0,0,0,0,0,0,0,0,0,47,76,62,1,1,45,46,0,2,2,,,,
San Diego Wave FC,Amirah Ali,AMIRAHALI,FORWARD,17,5,467,2,66,0,0,13,6,0,8,3,15,3,1,0,0.39,0,0,0,46,11,44,2,79,120,66,1,1,77,102,67,2,17,,,,
Orlando Pride,Amanda Allen,AMANDAALLEN,FORWARD,3,,9,0,50,0,0,0,0,0,0,0,0,1,0,0,0,0,0,0,0,0,0,0,1,2,50,0,0,1,3,0,0,0,,,,
Houston Dash,Michelle Alozie,MICHELLEALOZIE,FORWARD,17,13,1013,4,67,1,0.09,23,9,1,8,15,14,3,1,1,0.36,0,0,0,39,17,42,5,140,210,67,3,7,130,210,73,6,32,,,,
Houston Dash,Emily Alvarado,EMILYALVARADO,GOALKEEPER,0,,0,0,0,0,0,0,0,0,0,0,0,0,0,0,0,0,0,0,0,0,0,0,0,0,0,0,0,0,0,0,0,0,0,0,0,0
Bay FC,Joelle Anderson,JOELLEANDERSON,MIDFIELDER,18,13,1083,1,69,0,0,16,8,0,23,15,4,3,4,0,0.08,0,0,0,50,14,54,1,258,374,69,6,23,229,206,85,9,19,,,,
Angel City FC,Angelina Anderson,ANGELINAANDERSON,GOALKEEPER,5,5,450,0,82,0,0,0,0,0,0,0,0,0,0,0,0,0,0,0,0,0,0,0,171,209,82,0,35,136,38,0,1,1,21,0,49,5
Houston Dash, Andressa,ANDRESSA,MIDFIELDER,5,4,309,1,75,0,0,9,3,0,5,5,7,0,0,0,0.29,0,0,0,33,2,40,1,61,81,75,0,2,59,44,56,1,10,,,,
Orlando Pride, Angelina,ANGELINA,MIDFIELDER,4,,33,0,82,0,0,0,0,0,1,1,0,0,0,0,0,0,0,0,0,0,0,0,14,17,82,0,0,14,8,33,0,1,,,,
Seattle Reign,Olivia Athens,OLIVIAATHENS,MIDFIELDER,6,1,126,0,78,0,0,0,0,0,2,1,1,0,0,0,0,0,0,0,0,2,100,0,38,49,78,1,1,36,17,67,2,7,,,,
Racing Louisville FC,Taylor Aylmer,TAYLORAYLMER,MIDFIELDER,2,1,93,0,89,0,0,0,0,0,2,1,0,0,0,0,0,0,0,0,0,0,0,0,48,54,89,1,1,46,9,100,3,2,,,,
Racing Louisville FC,Jordan Baggett,JORDANBAGGETT,MIDFIELDER,22,4,492,2,70,0,0,2,2,0,4,16,10,0,0,0,0.37,0,0,0,100,4,50,2,152,216,70,0,4,148,118,40,4,18,,,,
Bay FC,Dorian Bailey,DORIANBAILEY,MIDFIELDER,20,14,1274,0,74,2,0.14,4,2,2,24,9,14,0,1,0,0,0,0,0,50,18,75,2,366,494,74,7,25,334,204,60,16,15,,,,
Seattle Reign,Bethany Balcer,BETHANYBALCER,FORWARD,25,19,1522,6,63,2,0.12,32,15,2,26,24,27,8,1,0,0.35,0,0,0,47,8,67,8,301,479,63,4,14,283,252,70,14,86,,,,
Kansas City Current,Elizabeth Ball,ELIZABETHBALL,DEFENDER,13,12,963,0,81,0,0,5,2,0,7,5,6,1,1,0,0,0,0,0,40,3,60,0,378,466,81,0,25,353,95,58,12,21,,,,
Kansas City Current,Stine Ballisager,STINEBALLISAGER,DEFENDER,3,2,225,0,82,0,0,0,0,0,3,1,1,0,0,0,0,0,0,0,0,1,100,0,135,165,82,0,10,125,33,75,1,4,,,,
San Diego Wave FC,Melanie Barcenas,MELANIEBARCENAS,FORWARD,7,,116,0,79,1,0.78,6,4,1,4,4,1,1,1,0,0,0,0,0,67,10,67,1,41,52,79,1,0,40,28,57,0,0,,,,
Seattle Reign,Lauren Barnes,LAURENBARNES,DEFENDER,25,25,2199,0,79,1,0.04,1,0,1,36,12,8,0,1,0,0,0,0,0,0,6,67,1,898,1136,79,4,105,789,337,61,34,50,,,,
Washington Spirit,Nicole Renee Barnhart,NICOLE RENEEBARNHART,GOALKEEPER,3,2,181,0,60,0,0,0,0,0,0,0,1,0,0,0,0,0,0,0,0,0,0,0,26,43,60,0,7,19,17,0,0,0,10,0,30,4
San Diego Wave FC,Hillary Beall,HILLARYBEALL,GOALKEEPER,0,,0,0,0,0,0,0,0,0,0,0,0,0,0,0,0,0,0,0,0,0,0,0,0,0,0,0,0,0,0,0,0,0,0,0,0,0
Portland Thorns FC,Natalie Beckman,NATALIEBECKMAN,FORWARD,1,,12,0,25,0,0,0,0,0,0,0,0,0,0,0,0,0,0,0,0,0,0,0,1,4,25,0,0,1,5,0,0,0,,,,
San Diego Wave FC,Elyse Bennett,ELYSEBENNETT,FORWARD,22,7,693,2,54,2,0.26,18,10,2,5,19,2,4,1,0,0.26,0,0,0,56,7,47,4,104,194,54,1,1,102,163,100,2,50,,,,
North Carolina Courage,Malia Berkely,MALIABERKELY,DEFENDER,18,18,1563,0,89,0,0,3,2,0,13,8,5,0,0,1,0,0,0,0,67,3,75,0,1139,1281,89,0,67,1072,164,59,12,26,,,,
Utah Royals FC,Hannah Betfort,HANNAHBETFORT,FORWARD,11,4,479,2,78,0,0,13,6,0,1,6,7,0,0,0,0.38,0,0,0,46,7,54,2,73,93,78,1,1,71,65,33,1,24,,,,
NJ/NY Gotham FC,Michelle Betos,MICHELLEBETOS,GOALKEEPER,0,,0,0,0,0,0,0,0,0,0,0,0,0,0,0,0,0,0,0,0,0,0,0,0,0,0,0,0,0,0,0,0,0,0,0,0,0
Chicago Red Stars,Julia Bianchi,JULIABIANCHI,MIDFIELDER,19,15,1334,0,82,5,0.34,10,2,5,24,17,22,1,3,0,0,0,0,0,20,16,53,5,552,674,82,2,31,519,244,62,22,22,,,,
Chicago Red Stars,Camryn Biegalski,CAMRYNBIEGALSKI,DEFENDER,9,2,273,0,62,0,0,0,0,0,3,5,2,2,0,0,0,0,0,0,0,4,50,0,29,47,62,0,0,29,38,50,2,9,,,,
Chicago Red Stars,Jenna Bike,JENNABIKE,FORWARD,16,2,424,0,75,0,0,3,0,0,8,7,10,4,2,0,0,0,0,0,0,7,44,0,114,151,75,5,5,104,85,73,7,12,,,,
Portland Thorns FC,Annabella Bixby,ANNABELLABIXBY,GOALKEEPER,21,21,1890,1,61,0,0,1,1,0,0,2,3,0,2,0,0.05,0,0,0,100,0,0,1,330,539,61,0,108,222,211,0,0,8,67,1,35,16
Racing Louisville FC,Jordyn Bloomer,JORDYNBLOOMER,GOALKEEPER,0,,0,0,0,0,0,0,0,0,0,0,0,0,0,0,0,0,0,0,0,0,0,0,0,0,0,0,0,0,0,0,0,0,0,0,0,0
Bay FC,Theresa Boade,THERESABOADE,FORWARD,13,12,804,1,83,2,0.22,13,5,2,7,6,7,5,0,0,0.11,0,0,0,38,6,33,3,199,240,83,1,3,195,107,100,3,9,,,,
Racing Louisville FC,Ariadina Borges,ARIADINABORGES,MIDFIELDER,18,17,1459,1,85,0,0,23,10,0,23,20,28,0,4,0,0.06,0,0,0,43,13,57,1,586,688,85,1,34,551,176,62,15,30,,,,
Washington Spirit,Lyza Bosselmann,LYZABOSSELMANN,GOALKEEPER,0,,0,0,0,0,0,0,0,0,0,0,0,0,0,0,0,0,0,0,0,0,0,0,0,0,0,0,0,0,0,0,0,0,0,0,0,0
North Carolina Courage,Marisa Bova,MARISABOVA,GOALKEEPER,0,,0,0,0,0,0,0,0,0,0,0,0,0,0,0,0,0,0,0,0,0,0,0,0,0,0,0,0,0,0,0,0,0,0,0,0,0
Chicago Red Stars,Emily Nicole Boyd,EMILY NICOLEBOYD,GOALKEEPER,2,2,180,0,59,0,0,0,0,0,0,0,0,0,0,0,0,0,0,0,0,0,0,0,41,70,59,0,19,22,29,0,0,3,8,0,41,9
Houston Dash,Hope Breslin,HOPEBRESLIN,FORWARD,0,,0,0,0,0,0,0,0,0,0,0,0,0,0,0,0,0,0,0,0,0,0,0,0,0,0,0,0,0,0,0,0,0,,,,
Houston Dash,Isabella Briede,ISABELLABRIEDE,MIDFIELDER,7,2,253,1,75,0,0,3,3,0,2,2,4,0,0,0,0.36,0,0,0,100,2,100,1,72,96,75,0,2,70,31,100,2,6,,,,
Angel City FC,Messiah Bright,MESSIAHBRIGHT,FORWARD,22,16,1379,6,68,0,0,31,12,0,14,20,6,11,2,0,0.39,0,0,0,39,29,50,6,186,273,68,2,3,181,229,54,1,64,,,,
Washington Spirit,Amber Jean Brooks,AMBER JEANBROOKS,DEFENDER,13,6,610,0,69,0,0,2,0,0,1,8,4,0,1,0,0,0,0,0,0,1,50,0,154,224,69,2,19,133,102,17,4,18,,,,
Seattle Reign,Ryanne Brown,RYANNEBROWN,DEFENDER,11,4,334,0,64,0,0,0,0,0,12,3,5,0,0,0,0,0,0,0,0,2,40,0,68,107,64,1,5,62,78,100,6,10,,,,
NJ/NY Gotham FC, Bruninha,BRUNINHA,DEFENDER,20,19,1688,2,76,1,0.05,5,3,1,22,17,15,1,2,0,0.11,0,0,0,60,23,59,3,574,757,76,6,27,541,337,76,23,21,,,,
San Diego Wave FC,Lauren Ann Brzykcy,LAUREN ANNBRZYKCY,GOALKEEPER,0,,0,0,0,0,0,0,0,0,0,0,0,0,0,0,0,0,0,0,0,0,0,0,0,0,0,0,0,0,0,0,0,0,0,0,0,0
Orlando Pride,Haley Bugeja,HALEYBUGEJA,FORWARD,1,,23,0,73,0,0,0,0,0,2,0,0,0,0,0,0,0,0,0,0,2,67,0,11,15,73,0,1,10,7,100,0,1,,,,
Washington Spirit,Annaïg Butel,ANNAÏGBUTEL,DEFENDER,7,5,463,0,76,0,0,1,0,0,5,8,2,0,3,0,0,0,0,0,0,2,67,0,173,228,76,2,10,161,74,45,9,10,,,,
Bay FC,Scarlett Camberos Becerra,SCARLETTCAMBEROS BECERRA,FORWARD,20,11,993,1,62,3,0.27,15,7,3,12,13,9,4,0,0,0.09,0,0,0,47,11,55,4,146,236,62,3,7,136,184,67,7,38,,,,
Houston Dash,Jane Campbell,JANECAMPBELL,GOALKEEPER,22,22,1942,0,61,0,0,0,0,0,0,0,3,0,0,0,0,0,0,0,0,0,0,0,407,669,61,0,163,244,265,0,1,2,91,0,39,19
Seattle Reign,Marley Angelina Canales,MARLEY ANGELINACANALES,MIDFIELDER,2,,3,0,86,0,0,0,0,0,0,0,1,0,0,0,0,0,0,0,0,0,0,0,6,7,86,0,0,6,2,0,0,1,,,,
Washington Spirit,Gabrielle Carle,GABRIELLECARLE,DEFENDER,22,22,1899,0,69,1,0.05,2,0,1,32,17,10,2,2,0,0,0,0,0,0,11,48,1,401,579,69,6,27,368,318,74,36,21,,,,
San Diego Wave FC,Kyra Carusa,KYRACARUSA,FORWARD,8,4,344,2,63,0,0,7,5,0,3,9,4,3,0,0,0.52,0,0,0,71,3,75,2,45,71,63,0,2,43,53,100,2,13,,,,
Orlando Pride, Celia,CELIA,DEFENDER,8,1,193,0,71,0,0,1,1,0,3,4,1,0,0,0,0,0,0,0,100,1,33,0,51,72,71,1,0,50,41,75,4,11,,,,
Houston Dash,Allysha Chapman,ALLYSHACHAPMAN,DEFENDER,12,11,989,0,70,0,0,2,1,0,21,12,9,0,1,0,0,0,0,0,50,4,67,0,335,476,70,1,23,311,173,81,26,22,,,,
Orlando Pride,Simone Charley,SIMONECHARLEY,FORWARD,2,,57,0,83,0,0,1,0,0,1,0,2,0,0,0,0,0,0,0,0,4,80,0,15,18,83,1,0,14,9,100,0,5,,,,
Racing Louisville FC,Alexandra Carla Chidiac,ALEXANDRA CARLACHIDIAC,MIDFIELDER,8,,133,0,75,0,0,1,1,0,0,0,2,0,0,0,0,0,0,0,100,3,50,0,39,52,75,0,0,39,23,0,0,0,,,,
Kansas City Current,Rylan Savannah Childers,RYLAN SAVANNAHCHILDERS,MIDFIELDER,4,,16,0,90,0,0,0,0,0,1,3,1,0,1,0,0,0,0,0,0,0,0,0,18,20,90,0,0,18,3,100,1,0,,,,
North Carolina Courage,Sarah Clark,SARAHCLARK,DEFENDER,0,,0,0,0,0,0,0,0,0,0,0,0,0,0,0,0,0,0,0,0,0,0,0,0,0,0,0,0,0,0,0,0,0,,,,
Utah Royals FC,Mikayla Cluff,MIKAYLACLUFF,MIDFIELDER,22,17,1512,2,79,1,0.06,13,5,1,38,35,19,0,2,0,0.12,0,0,0,38,19,76,3,464,584,79,2,13,449,178,72,24,58,,,,
Portland Thorns,Samantha Coffey,SAMANTHACOFFEY,MIDFIELDER,23,23,2080,0,81,8,0.35,8,2,8,46,27,11,1,1,0,0,0,0,0,25,15,79,8,870,1070,81,7,63,800,309,67,38,41,,,,
San Diego Wave FC,Danielle Colaprico,DANIELLECOLAPRICO,MIDFIELDER,23,22,1826,0,81,1,0.05,5,1,1,15,20,43,0,3,0,0,0,0,0,20,7,64,1,545,669,81,2,39,504,183,44,39,21,,,,
Orlando Pride,Kaylie Ann Collins,KAYLIE ANNCOLLINS,GOALKEEPER,1,1,90,0,50,0,0,0,0,0,0,0,0,0,0,0,0,0,0,0,0,0,0,0,18,36,50,0,7,11,20,0,0,0,3,0,28,1
North Carolina Courage,Sydney Collins,SYDNEYCOLLINS,DEFENDER,4,2,194,0,85,0,0,0,0,0,9,3,1,0,0,0,0,0,0,0,0,2,67,0,138,163,85,0,7,131,35,90,4,14,,,,
Chicago Red Stars,Ava Cook,AVACOOK,FORWARD,20,10,961,3,68,0,0,13,4,0,11,14,29,0,2,0,0.28,0,0,0,31,16,53,3,163,241,68,2,2,159,168,50,9,53,,,,
Seattle Reign,Alana Cook,ALANACOOK,DEFENDER,21,21,1845,0,80,2,0.1,2,0,2,17,10,6,0,3,1,0,0,0,0,0,11,85,2,963,1202,80,4,131,828,274,63,34,46,,,,
Kansas City Current,Michelle Cooper,MICHELLECOOPER,FORWARD,21,17,1634,3,67,1,0.06,32,16,1,26,28,29,7,5,0,0.17,2,2,100,50,22,49,4,330,491,67,9,23,298,316,84,10,28,,,,
San Diego Wave FC,Chai Cortez,CHAICORTEZ,DEFENDER,2,1,66,0,55,0,0,0,0,0,1,0,0,0,0,0,0,0,0,0,0,2,100,0,11,20,55,0,1,10,18,50,0,5,,,,
Orlando Pride,McKinley Crone,MCKINLEYCRONE,GOALKEEPER,0,,0,0,0,0,0,0,0,0,0,0,0,0,0,0,0,0,0,0,0,0,0,0,0,0,0,0,0,0,0,0,0,0,0,0,0,0
Chicago Red Stars,Chardonnay Curran,CHARDONNAYCURRAN,MIDFIELDER,13,3,304,0,71,0,0,3,2,0,1,7,6,0,0,0,0,0,0,0,67,4,33,0,70,98,71,0,1,69,56,50,3,9,,,,
Portland Thorns,Isabella D'Aquila,ISABELLAD'AQUILA,FORWARD,15,2,336,0,65,0,0,12,4,0,2,4,3,5,0,0,0,0,0,0,33,6,60,0,72,111,65,0,1,71,70,100,1,25,,,,
San Diego Wave FC,Abigail Dahlkemper,ABIGAILDAHLKEMPER,DEFENDER,6,6,540,1,81,0,0,3,1,0,1,1,2,0,1,0,0.17,0,0,0,33,1,100,1,267,331,81,0,28,239,68,33,4,10,,,,
NJ/NY Gotham FC,Tierna Davidson,TIERNADAVIDSON,DEFENDER,18,18,1613,0,82,0,0,1,0,0,16,7,8,0,1,0,0,0,0,0,0,5,62,0,744,911,82,0,67,677,187,67,16,36,,,,
Kansas City Current, Debinha,DEBINHA,MIDFIELDER,18,17,1526,9,75,2,0.12,31,17,2,11,13,11,5,1,0,0.53,2,2,100,55,32,42,11,394,524,75,2,10,382,336,48,10,10,,,,
Portland Thorns FC,Isabel Susan Dehakiz,ISABEL SUSANDEHAKIZ,MIDFIELDER,0,,0,0,0,0,0,0,0,0,0,0,0,0,0,0,0,0,0,0,0,0,0,0,0,0,0,0,0,0,0,0,0,0,,,,
Utah Royals FC,Kathryn Del Fava,KATHRYNDEL FAVA,DEFENDER,22,21,1829,0,77,1,0.05,4,1,1,18,24,16,1,3,0,0,0,0,0,25,6,75,1,621,807,77,6,30,585,305,60,27,60,,,,
San Diego Wave FC,Giovanna Christina DeMarco,GIOVANNA CHRISTINADEMARCO,MIDFIELDER,0,,0,0,0,0,0,0,0,0,0,0,0,0,0,0,0,0,0,0,0,0,0,0,0,0,0,0,0,0,0,0,0,0,,,,
Racing Louisville FC,Savannah DeMelo,SAVANNAHDEMELO,MIDFIELDER,18,18,1588,5,74,2,0.11,37,14,2,20,32,67,1,5,1,0.28,2,3,67,38,23,38,7,361,489,74,3,20,338,318,59,8,7,,,,
Houston Dash,Madelyn Desiano,MADELYNDESIANO,DEFENDER,4,,20,0,56,0,0,1,0,0,1,1,1,0,0,0,0,0,0,0,0,1,100,0,10,18,56,0,1,9,16,100,0,2,,,,
Kansas City Current,Vanessa DiBernardo,VANESSADIBERNARDO,MIDFIELDER,11,11,961,0,75,2,0.19,13,7,2,11,15,15,1,1,0,0,0,0,0,54,9,64,2,388,516,75,2,20,366,169,50,19,15,,,,
Seattle Reign,Claudia Dickey,CLAUDIADICKEY,GOALKEEPER,9,9,810,0,80,0,0,0,0,0,0,0,2,0,0,0,0,0,0,0,0,0,0,0,219,273,80,0,54,165,55,0,0,5,25,0,50,4
Racing Louisville FC,Marisa DiGrande,MARISADIGRANDE,MIDFIELDER,20,14,1306,0,78,0,0,15,6,0,15,9,16,1,2,0,0,0,0,0,40,16,67,0,454,581,78,4,27,423,207,60,16,10,,,,
San Diego Wave FC,Makenzy Doniak,MAKENZYDONIAK,FORWARD,22,12,1205,3,68,2,0.15,25,15,2,10,10,16,3,1,0,0.22,0,0,0,60,9,69,5,212,311,68,6,4,202,175,56,8,38,,,,
Utah Royals FC,Imani Dorsey,IMANIDORSEY,DEFENDER,0,,0,0,0,0,0,0,0,0,0,0,0,0,0,0,0,0,0,0,0,0,0,0,0,0,0,0,0,0,0,0,0,0,,,,
Angel City FC,Megan Dougherty Howard,MEGANDOUGHERTY HOWARD,MIDFIELDER,12,8,581,0,70,0,0,5,1,0,9,9,11,3,0,0,0,0,0,0,20,4,57,0,145,207,70,1,4,140,97,64,5,21,,,,
Washington Spirit,Nicole Douglas,NICOLEDOUGLAS,FORWARD,10,1,154,0,72,0,0,3,1,0,4,7,3,0,0,0,0,0,0,0,33,5,50,0,41,57,72,0,1,40,36,57,0,5,,,,
Orlando Pride,Julie Doyle,JULIEDOYLE,MIDFIELDER,16,11,832,2,67,3,0.32,16,6,3,6,12,11,4,2,0,0.22,0,0,0,38,6,20,5,145,217,67,4,6,135,160,67,1,16,,,,
NJ/NY Gotham FC,Crystal Dunn,CRYSTALDUNN,MIDFIELDER,20,18,1427,5,81,2,0.13,27,20,2,27,14,23,7,0,0,0.32,0,0,0,74,26,62,7,479,591,81,7,25,447,238,71,19,24,,,,
Bay FC,Caprice Dydasco,CAPRICEDYDASCO,DEFENDER,22,22,1933,0,75,1,0.05,6,1,1,45,24,15,0,3,0,0,0,0,0,17,21,57,1,654,871,75,7,28,619,390,68,45,36,,,,
Angel City FC,Elizabeth Eddy,ELIZABETHEDDY,DEFENDER,3,,52,0,69,0,0,2,0,0,0,1,0,0,0,0,0,0,0,0,0,2,67,0,18,26,69,1,2,15,16,0,1,0,,,,
NJ/NY Gotham FC,Kristen Edmonds,KRISTENEDMONDS,DEFENDER,16,11,1043,0,81,1,0.09,4,1,1,12,4,17,0,1,0,0,0,0,0,25,3,38,1,450,558,81,2,21,427,147,67,12,13,,,,
Seattle Reign,Jadyn Edwards,JADYNEDWARDS,FORWARD,0,,0,0,0,0,0,0,0,0,0,0,0,0,0,0,0,0,0,0,0,0,0,0,0,0,0,0,0,0,0,0,0,0,,,,
Racing Louisville FC,Emina Ekić,EMINAEKIĆ,FORWARD,4,,4,0,50,0,0,1,0,0,0,0,0,0,0,0,0,0,0,0,0,0,0,0,3,6,50,0,0,3,7,0,0,0,,,,
Washington Spirit,Madison Elwell,MADISONELWELL,MIDFIELDER,4,1,133,0,42,0,0,0,0,0,4,3,1,0,0,0,0,0,0,0,0,2,67,0,10,24,42,1,0,9,33,67,1,4,,,,
Angel City FC,Claire Emslie,CLAIREEMSLIE,FORWARD,20,17,1347,3,75,5,0.33,23,10,5,18,13,13,5,0,0,0.2,1,2,50,43,24,50,8,263,351,75,20,5,238,311,58,3,15,,,,
Angel City FC,Jun Endo,JUNENDO,FORWARD,18,10,918,3,75,2,0.2,12,6,2,12,4,15,3,0,0,0.29,0,0,0,50,19,58,5,261,349,75,4,6,251,168,75,8,9,,,,
San Diego Wave FC,Sierra Enge,SIERRAENGE,DEFENDER,10,7,696,2,78,0,0,3,2,0,5,8,1,0,1,0,0.26,0,0,0,67,2,50,2,215,276,78,1,17,197,78,45,6,7,,,,
Racing Louisville FC,Abby Erceg,ABBYERCEG,DEFENDER,22,22,1980,2,89,0,0,13,7,0,11,4,5,0,1,0,0.09,0,0,0,54,2,100,2,958,1078,89,1,40,917,159,61,32,50,,,,
Angel City FC,Julie Beth Ertz,JULIE BETHERTZ,MIDFIELDER,7,7,574,1,68,0,0,5,2,0,4,15,4,0,1,0,0.16,0,0,0,40,3,60,1,176,259,68,2,11,163,105,36,9,43,,,,
NJ/NY Gotham FC,Sinead Farrelly,SINEADFARRELLY,MIDFIELDER,21,7,879,0,79,1,0.1,3,3,1,21,19,9,4,4,0,0,0,0,0,100,26,68,1,355,450,79,1,6,348,172,72,11,19,,,,
North Carolina Courage,Millie Laura Farrow,MILLIE LAURAFARROW,FORWARD,2,1,48,0,57,0,0,0,0,0,1,0,0,0,0,0,0,0,0,0,0,0,0,0,4,7,57,0,0,4,8,100,0,1,,,,
Kansas City Current,Bayley Feist,BAYLEYFEIST,MIDFIELDER,4,2,176,0,56,0,0,0,0,0,6,2,2,0,0,0,0,0,0,0,0,1,25,0,33,59,56,1,3,29,41,55,0,16,,,,
Chicago Red Stars,Samantha Feller,SAMANTHAFELLER,MIDFIELDER,1,,6,0,33,0,0,0,0,0,0,0,0,0,0,0,0,0,0,0,0,0,0,0,1,3,33,0,0,1,3,0,0,1,,,,
Racing Louisville FC,Kayla Fischer,KAYLAFISCHER,MIDFIELDER,10,5,460,0,63,1,0.2,10,3,1,9,19,13,0,1,0,0,0,0,0,30,13,72,1,83,132,63,1,3,79,95,64,5,13,,,,
Chicago Red Stars,Samantha Tru Fisher Conde,SAMANTHA TRUFISHER CONDE,MIDFIELDER,5,1,152,0,69,0,0,0,0,0,2,1,1,0,0,0,0,0,0,0,0,2,50,0,43,62,69,0,2,41,33,67,4,4,,,,
Seattle Reign,Jessica Fishlock,JESSICAFISHLOCK,MIDFIELDER,20,19,1565,4,74,1,0.06,32,13,1,12,7,15,3,2,0,0.23,0,0,0,41,16,59,5,420,569,74,1,21,398,221,67,9,30,,,,
Racing Louisville FC,Taylor Flint,TAYLORFLINT,MIDFIELDER,17,6,678,1,52,0,0,17,8,0,15,24,11,5,4,0,0.13,0,0,0,47,6,35,1,159,306,52,0,9,150,189,75,11,77,,,,
NJ/NY Gotham FC,Sabrina Inés Flores Grigoriu,SABRINA INÉSFLORES GRIGORIU,DEFENDER,1,,1,0,0,0,0,0,0,0,0,0,0,0,0,0,0,0,0,0,0,0,0,0,0,0,0,0,0,0,0,0,0,0,,,,
North Carolina Courage,Emily Ann Fox,EMILY ANNFOX,DEFENDER,19,19,1603,0,86,2,0.11,6,2,2,14,14,20,2,0,1,0,0,0,0,33,17,53,2,948,1099,86,6,32,910,250,67,28,27,,,,
Kansas City Current,AD Franch,ADFRANCH,GOALKEEPER,12,12,1080,0,83,0,0,0,0,0,1,0,4,0,1,0,0,0,0,0,0,1,100,0,318,383,83,0,51,267,68,100,0,3,42,0,47,7
NJ/NY Gotham FC,Miranda Freeman,MIRANDAFREEMAN,DEFENDER,10,6,516,0,68,0,0,0,0,0,4,8,2,0,1,0,0,0,0,0,0,1,100,0,173,256,68,0,5,168,95,100,8,12,,,,
Houston Dash,Ryan Gareis,RYANGAREIS,FORWARD,12,2,357,0,65,0,0,5,1,0,2,1,2,4,0,0,0,0,0,0,20,3,50,0,56,86,65,3,1,52,70,50,1,3,,,,
Orlando Pride,Morgan Gautrat,MORGANGAUTRAT,MIDFIELDER,5,4,239,0,79,0,0,2,0,0,2,2,2,0,1,0,0,0,0,0,0,0,0,0,114,144,79,0,9,105,38,67,5,10,,,,
North Carolina Courage,Mille Gejl Jensen,MILLEGEJL JENSEN,FORWARD,15,6,502,2,72,1,0.18,9,6,1,8,7,6,1,2,0,0.36,0,0,0,67,6,50,3,152,212,72,0,4,148,101,53,6,10,,,,
San Diego Wave FC,Naomi Girma,NAOMIGIRMA,DEFENDER,20,20,1800,0,89,0,0,0,0,0,16,5,5,0,0,0,0,0,0,0,0,3,100,0,1023,1155,89,0,56,967,150,73,20,36,,,,
Racing Louisville FC,Parker Goins,PARKERGOINS,FORWARD,10,,131,1,70,0,0,4,2,0,1,2,0,2,0,0,0.69,0,0,0,50,2,50,1,33,47,70,0,1,32,27,100,0,9,,,,
NJ/NY Gotham FC,Esther González,ESTHERGONZÁLEZ,FORWARD,8,6,592,3,72,0,0,14,11,0,7,3,12,2,1,0,0.46,0,0,0,79,1,25,3,133,185,72,0,2,131,91,58,0,13,,,,
Angel City FC,Sarah Gorden,SARAHGORDEN,DEFENDER,23,23,2070,0,79,0,0,4,2,0,12,6,18,0,1,0,0,0,0,0,50,10,56,0,866,1096,79,0,46,820,271,67,21,36,,,,
Chicago Red Stars,Sarah Griffith,SARAHGRIFFITH,FORWARD,6,3,260,0,78,1,0.35,5,2,1,4,2,1,1,0,0,0,0,0,0,40,4,27,1,62,79,78,0,1,61,55,67,1,3,,,,
Chicago Red Stars,Shea Groom,SHEAGROOM,MIDFIELDER,1,,11,0,40,0,0,0,0,0,0,0,0,0,0,0,0,0,0,0,0,0,0,0,2,5,40,0,0,2,5,0,0,2,,,,
NJ/NY Gotham FC,Svava Rós Guðmundsdóttir,SVAVA RÓSGUÐMUNDSDÓTTIR,FORWARD,5,2,151,0,69,0,0,0,0,0,1,4,1,0,0,0,0,0,0,0,0,3,60,0,22,32,69,0,0,22,15,33,1,1,,,,
San Diego Wave FC,Mia Irene Gyau,MIA IRENEGYAU,DEFENDER,1,,1,0,0,0,0,0,0,0,0,0,0,0,0,0,0,0,0,0,0,0,0,0,0,0,0,0,0,0,0,0,0,0,,,,
Kansas City Current,Kristen Hamilton,KRISTENHAMILTON,FORWARD,14,12,861,2,71,0,0,13,8,0,1,6,11,2,1,0,0.21,0,0,0,62,9,50,2,103,146,71,2,2,99,98,33,1,11,,,,
Angel City FC,Madison Hammond,MADISONHAMMOND,DEFENDER,20,14,1285,1,83,1,0.07,8,2,1,20,20,4,0,3,0,0.07,0,0,0,25,8,47,2,415,503,83,1,23,391,134,69,9,37,,,,
Orlando Pride,Tori Elizabeth Hansen,TORI ELIZABETHHANSEN,DEFENDER,0,,0,0,0,0,0,0,0,0,0,0,0,0,0,0,0,0,0,0,0,0,0,0,0,0,0,0,0,0,0,0,0,0,,,,
Angel City FC,Dijana Haračić,DIJANAHARAČIĆ,GOALKEEPER,18,18,1620,0,81,0,0,0,0,0,0,1,1,0,3,0,0,0,0,0,0,0,0,0,497,612,81,0,132,365,118,0,0,2,58,1,59,9
Houston Dash,Jyllissa Harris,JYLLISSAHARRIS,DEFENDER,1,,7,0,112,0,0,0,0,0,0,0,0,0,0,0,0,0,0,0,0,0,0,0,9,8,112,1,1,7,0,0,0,0,,,,
San Diego Wave FC,Shea Hastings Conn­ors,SHEAHASTINGS CONN­ORS,FORWARD,1,,1,0,100,0,0,0,0,0,0,1,0,0,0,0,0,0,0,0,0,1,100,0,1,1,100,0,0,1,1,0,0,0,,,,
Washington Spirit,Ashley Hatch,ASHLEYHATCH,FORWARD,22,22,1838,9,69,2,0.1,49,26,2,7,36,31,7,3,0,0.44,5,5,100,53,15,56,11,242,351,69,6,5,231,242,44,5,90,,,,
Utah Royals FC,Amanda Haught,AMANDAHAUGHT,GOALKEEPER,10,10,929,0,65,0,0,0,0,0,0,1,3,0,1,1,0,0,0,0,0,3,100,0,289,442,65,0,112,177,154,0,0,0,21,0,43,10
Houston Dash,Kelcie Lee Anne Hedge,KELCIE LEE ANNEHEDGE,MIDFIELDER,1,,1,0,0,0,0,0,0,0,0,0,0,0,0,0,0,0,0,0,0,0,0,0,0,0,0,0,0,0,0,0,0,0,,,,
Angel City FC,Amandine Henry,AMANDINEHENRY,MIDFIELDER,6,5,408,0,77,0,0,5,3,0,9,8,5,1,0,0,0,0,0,0,60,3,75,0,176,228,77,1,6,169,68,82,11,20,,,,
NJ/NY Gotham FC,Sam Hiatt,SAMHIATT,DEFENDER,16,16,1391,0,82,0,0,4,1,0,14,10,0,0,2,0,0,0,0,0,25,1,50,0,719,882,82,0,58,661,175,67,13,29,,,,
Angel City FC,Kelsey Hill,KELSEYHILL,DEFENDER,0,,0,0,0,0,0,0,0,0,0,0,0,0,0,0,0,0,0,0,0,0,0,0,0,0,0,0,0,0,0,0,0,0,,,,
Bay FC,Rachel Hill,RACHELHILL,FORWARD,18,16,1141,0,70,0,0,6,4,0,24,18,20,11,3,0,0,0,0,0,67,9,38,0,198,283,70,6,2,190,195,63,12,35,,,,
NJ/NY Gotham FC,Cyera Makenzie Hintzen,CYERA MAKENZIEHINTZEN,FORWARD,0,,0,0,0,0,0,0,0,0,0,0,0,0,0,0,0,0,0,0,0,0,0,0,0,0,0,0,0,0,0,0,0,0,,,,
Houston Dash,Sophie Hirst,SOPHIEHIRST,MIDFIELDER,12,8,632,1,67,0,0,2,2,0,7,3,9,0,0,0,0.14,0,0,0,100,2,67,1,165,247,67,1,21,143,101,54,11,14,,,,
Chicago Red Stars,Penelope Hocking,PENELOPEHOCKING,FORWARD,16,14,1184,3,73,1,0.08,22,12,1,8,16,20,1,3,0,0.23,0,0,0,55,15,54,4,187,255,73,0,4,183,152,73,2,15,,,,
Portland Thorns,Shelby Hogan,SHELBYHOGAN,GOALKEEPER,2,2,210,0,49,0,0,0,0,0,0,0,0,0,0,0,0,0,0,0,0,0,0,0,22,45,49,0,12,10,24,0,0,0,3,0,35,3
Racing Louisville FC,Rebecca Rayne Holloway,REBECCA RAYNEHOLLOWAY,DEFENDER,9,5,578,0,68,1,0.16,0,0,1,7,7,2,0,2,0,0,0,0,0,0,6,50,1,135,198,68,1,12,122,93,54,6,9,,,,
Seattle Reign,Shae Holmes,SHAEHOLMES,DEFENDER,5,2,222,0,67,0,0,1,0,0,2,0,0,0,0,0,0,0,0,0,0,1,50,0,89,133,67,0,8,81,66,100,2,6,,,,
North Carolina Courage,Haley Hopkins,HALEYHOPKINS,FORWARD,14,4,453,1,74,1,0.2,10,5,1,4,8,6,2,0,0,0.2,0,0,0,50,9,60,2,94,127,74,0,5,89,78,67,1,32,,,,
Racing Louisville FC,Jaelin Howell,JAELINHOWELL,MIDFIELDER,16,14,1304,0,80,0,0,15,7,0,36,32,26,1,4,0,0,0,0,0,47,4,67,0,488,607,80,1,36,451,155,59,31,71,,,,
Portland Thorns FC,Kelli Hubly,KELLIHUBLY,DEFENDER,22,17,1576,1,83,0,0,10,6,0,24,11,7,0,4,1,0.06,0,0,0,60,1,50,1,780,936,83,0,54,726,170,73,19,28,,,,
Seattle Reign,Sofia Huerta,SOFIAHUERTA,DEFENDER,20,19,1727,1,81,2,0.1,10,5,2,21,13,15,1,3,0,0.05,1,1,100,50,15,68,3,628,773,81,22,43,563,308,60,21,21,,,,
Seattle Reign,Jordyn Huitema,JORDYNHUITEMA,FORWARD,23,17,1663,5,62,0,0,27,16,0,11,23,27,8,1,0,0.27,0,1,0,59,19,53,5,261,423,62,1,8,252,274,52,5,119,,,,
Washington Spirit,Victoria Lauren Huster,VICTORIA LAURENHUSTER,MIDFIELDER,1,,19,0,62,0,0,0,0,0,0,0,1,0,0,0,0,0,0,0,0,0,0,0,5,8,62,0,1,4,6,0,2,0,,,,
Angel City FC,Brittany Isenhour,BRITTANYISENHOUR,GOALKEEPER,0,,0,0,0,0,0,0,0,0,0,0,0,0,0,0,0,0,0,0,0,0,0,0,0,0,0,0,0,0,0,0,0,0,0,0,0,0
Seattle Reign,Laurel Ivory,LAURELIVORY,GOALKEEPER,0,,0,0,0,0,0,0,0,0,0,0,0,0,1,0,0,0,0,0,0,0,0,0,0,0,0,0,0,0,0,0,0,0,0,0,0,0
Houston Dash,Natalie Jacobs,NATALIEJACOBS,DEFENDER,20,20,1689,0,80,0,0,3,0,0,4,15,13,0,4,1,0,0,0,0,0,1,25,0,634,790,80,1,76,557,176,57,25,47,,,,
San Diego Wave FC,Sofia Jakobsson,SOFIAJAKOBSSON,FORWARD,17,8,873,2,66,1,0.1,10,7,1,9,17,5,14,2,0,0.21,0,0,0,70,14,48,3,117,178,66,6,4,107,160,60,7,15,,,,
Washington Spirit,Inès Jaurena,INÈSJAURENA,MIDFIELDER,13,12,916,0,76,1,0.1,4,1,1,18,10,9,0,1,0,0,0,0,0,25,6,50,1,191,252,76,2,4,185,89,69,13,14,,,,
Racing Louisville FC,Elisabeth Jean,ELISABETHJEAN,DEFENDER,16,10,958,0,83,0,0,0,0,0,8,6,0,0,1,0,0,0,0,0,0,1,100,0,381,458,83,0,20,361,82,62,11,15,,,,
Houston Dash,Lindsi Jennings,LINDSIJENNINGS,DEFENDER,3,,29,0,76,0,0,0,0,0,0,0,0,0,0,0,0,0,0,0,0,0,0,0,13,17,76,0,1,12,4,0,1,0,,,,
Angel City FC,Katlyn Johnson,KATLYNJOHNSON,FORWARD,19,7,714,3,62,1,0.13,16,10,1,8,19,11,6,3,0,0.38,0,0,0,62,7,44,4,148,240,62,0,5,143,171,80,2,63,,,,
North Carolina Courage,Estelle Johnson,ESTELLEJOHNSON,DEFENDER,0,,0,0,0,0,0,0,0,0,0,0,0,0,0,0,0,0,0,0,0,0,0,0,0,0,0,0,0,0,0,0,0,0,,,,
Chicago Red Stars,Sophia Jones,SOPHIAJONES,MIDFIELDER,0,,0,0,0,0,0,0,0,0,0,0,0,0,0,0,0,0,0,0,0,0,0,0,0,0,0,0,0,0,0,0,0,0,,,,
Racing Louisville FC,Uchenna Kanu,UCHENNAKANU,FORWARD,16,4,486,0,63,0,0,13,6,0,4,11,9,3,1,0,0,0,0,0,46,14,58,0,69,109,63,0,3,66,101,44,3,25,,,,
NJ/NY Gotham FC,Nahomi Kawasumi,NAHOMIKAWASUMI,MIDFIELDER,4,,19,0,89,0,0,0,0,0,0,0,0,0,0,0,0,0,0,0,0,0,0,0,17,19,89,0,1,16,8,0,0,0,,,,
North Carolina Courage, Kerolin,KEROLIN,FORWARD,19,19,1621,10,80,3,0.17,43,21,3,11,19,29,11,3,0,0.56,2,3,67,49,67,57,13,487,610,80,7,17,463,321,73,9,11,,,,
Racing Louisville FC,Chrestinah Thembi Kgatlana,CHRESTINAH THEMBIKGATLANA,FORWARD,14,7,732,2,75,1,0.12,16,7,1,6,18,8,11,3,0,0.25,0,0,0,44,20,43,3,98,131,75,2,5,91,121,60,6,1,,,,
Seattle Reign,Tziarra King,TZIARRAKING,FORWARD,14,9,664,0,65,0,0,8,3,0,8,6,8,7,1,0,0,0,0,0,38,9,82,0,111,171,65,0,3,108,103,57,10,11,,,,
Washington Spirit,Aubrey Kingsbury,AUBREYKINGSBURY,GOALKEEPER,20,20,1799,0,70,0,0,0,0,0,2,0,3,0,0,0,0,0,0,0,0,0,0,0,339,484,70,0,92,247,150,100,0,5,56,0,40,24
Houston Dash,Cecelia Kizer,CECELIAKIZER,FORWARD,20,18,1468,6,76,2,0.12,25,14,2,20,2,23,3,0,0,0.37,0,0,0,56,19,46,8,307,405,76,1,3,303,194,71,10,27,,,,
Portland Thorns,Meghan Klingenberg,MEGHANKLINGENBERG,DEFENDER,21,21,1714,0,78,3,0.16,7,2,3,15,13,17,2,2,0,0,0,0,0,29,7,58,3,732,941,78,8,57,667,360,54,20,20,,,,
Chicago Red Stars,Amanda Kowalski,AMANDAKOWALSKI,DEFENDER,2,,52,0,73,0,0,0,0,0,6,1,1,0,0,0,0,0,0,0,0,0,0,0,16,22,73,0,1,15,10,100,1,0,,,,
Portland Thorns,Lauren Kozal,LAURENKOZAL,GOALKEEPER,0,,0,0,0,0,0,0,0,0,0,0,0,0,0,0,0,0,0,0,0,0,0,0,0,0,0,0,0,0,0,0,0,0,0,0,0,0
NJ/NY Gotham FC,Alexandra Blaire Krieger,ALEXANDRA BLAIREKRIEGER,DEFENDER,20,20,1634,0,77,0,0,3,1,0,13,9,6,0,2,0,0,0,0,0,33,3,50,0,684,890,77,2,47,635,230,59,36,31,,,,
Washington Spirit,Casey Krueger,CASEYKRUEGER,DEFENDER,20,20,1711,0,77,2,0.11,4,2,2,18,12,21,2,0,0,0,0,0,0,50,29,57,2,525,678,77,8,28,489,283,67,12,34,,,,
Washington Spirit,Civana Kuhlmann,CIVANAKUHLMANN,FORWARD,7,,72,0,45,0,0,3,2,0,3,3,1,0,0,0,0,0,0,0,67,1,33,0,10,22,45,0,0,10,19,100,0,10,,,,
Chicago Red Stars,Natalia Kuikka,NATALIAKUIKKA,DEFENDER,22,20,1859,1,77,2,0.1,11,2,2,36,12,20,1,3,0,0.05,0,0,0,18,15,48,3,784,1023,77,5,53,726,357,57,26,39,,,,
North Carolina Courage,Kaleigh Kurtz,KALEIGHKURTZ,DEFENDER,23,23,2032,0,83,1,0.04,6,2,1,20,12,12,0,2,0,0,0,0,0,33,6,67,1,1413,1703,83,0,93,1320,335,69,12,69,,,,
Kansas City Current,Lo’eau LaBonta,LO’EAULABONTA,MIDFIELDER,17,16,1448,2,78,1,0.06,16,6,1,20,12,41,2,2,0,0.12,0,0,0,38,12,71,3,507,649,78,1,32,474,209,57,16,19,,,,
Orlando Pride,Mariana Larroquette,MARIANALARROQUETTE,FORWARD,5,,85,1,77,0,0,3,1,0,1,3,6,0,0,0,1.06,0,0,0,33,2,67,1,17,22,77,0,1,16,15,33,0,4,,,,
Kansas City Current,Ann Mimmi Ellenore Larsson,ANN MIMMI ELLENORELARSSON,FORWARD,20,5,587,2,72,2,0.31,11,4,2,3,16,6,6,0,0,0.31,0,0,0,36,4,36,4,104,145,72,2,4,98,100,75,1,7,,,,
Seattle Reign,Veronica Latsko,VERONICALATSKO,FORWARD,21,13,1307,6,64,2,0.14,20,10,2,16,22,31,7,3,0,0.41,0,0,0,50,17,59,8,254,396,64,8,11,235,271,73,13,41,,,,
Kansas City Current, Lauren,LAUREN,DEFENDER,2,1,91,0,69,0,0,0,0,0,0,1,0,0,0,0,0,0,0,0,0,0,0,0,38,55,69,0,3,35,17,0,0,2,,,,
NJ/NY Gotham FC,Rose Lavelle,ROSELAVELLE,MIDFIELDER,7,6,552,1,73,2,0.33,10,7,2,6,5,5,0,0,0,0.16,0,0,0,70,16,70,3,139,190,73,0,3,136,111,50,6,15,,,,
Kansas City Current,Claire Lavogez,CLAIRELAVOGEZ,MIDFIELDER,4,,54,0,76,0,0,1,1,0,2,3,0,1,0,0,0,0,0,0,100,2,50,0,16,21,76,1,0,15,12,67,1,1,,,,
Angel City FC,Clarisse Le Bihan,CLARISSELE BIHAN,MIDFIELDER,17,7,685,1,71,4,0.53,8,5,4,13,13,7,3,2,0,0.13,0,0,0,62,9,64,5,239,339,71,5,5,229,207,81,5,57,,,,
Orlando Pride,Adriana Leal da Silva,ADRIANALEAL DA SILVA,FORWARD,19,19,1645,6,76,4,0.22,41,25,4,17,20,35,5,2,0,0.33,0,0,0,61,31,45,10,352,462,76,3,7,342,312,77,9,18,,,,
Portland Thorns FC,Adriana Kristina Leon,ADRIANA KRISTINALEON,FORWARD,5,,76,0,67,0,0,1,0,0,2,2,2,1,0,0,0,0,0,0,0,0,0,0,12,18,67,0,0,12,13,100,0,0,,,,
Angel City FC,Sydney Leroux,SYDNEYLEROUX,FORWARD,14,6,599,2,60,1,0.15,12,10,1,2,4,8,2,0,0,0.3,0,0,0,83,3,43,3,80,133,60,0,1,79,78,100,0,35,,,,
Seattle Reign,Julia Lester,JULIALESTER,DEFENDER,13,13,1120,0,86,0,0,1,0,0,6,8,6,0,1,0,0,0,0,0,0,10,100,0,493,576,86,2,24,467,99,60,19,13,,,,
Houston Dash,Kathleen Lind,KATHLEENLIND,DEFENDER,17,16,1387,0,84,0,0,2,1,0,12,12,11,0,0,1,0,0,0,0,50,2,67,0,565,675,84,0,51,514,123,71,18,37,,,,
Orlando Pride,Jordyn Nicole Listro,JORDYN NICOLELISTRO,MIDFIELDER,15,7,561,0,77,0,0,1,1,0,9,8,5,0,0,0,0,0,0,0,100,2,67,0,137,179,77,0,5,132,61,69,4,4,,,,
Bay FC,Alexis Loera,ALEXISLOERA,MIDFIELDER,10,9,796,0,77,4,0.45,4,1,4,10,12,3,0,1,0,0,0,0,0,25,4,80,4,348,453,77,1,46,301,140,62,13,16,,,,
NJ/NY Gotham FC,Alexandra Linsley Long Batista,ALEXANDRA LINSLEYLONG BATISTA,MIDFIELDER,19,13,1280,2,83,0,0,5,2,0,11,21,12,0,4,0,0.14,0,0,0,40,9,90,2,486,583,83,0,33,453,109,55,17,55,,,,
NJ/NY Gotham FC,Maitane López,MAITANELÓPEZ,MIDFIELDER,11,10,939,1,84,0,0,3,2,0,18,6,2,0,2,0,0.1,0,0,0,67,3,50,1,520,621,84,0,33,487,114,62,16,35,,,,
Chicago Red Stars,Brenna Marie Lovera,BRENNA MARIELOVERA,FORWARD,0,,0,0,0,0,0,0,0,0,0,0,0,0,0,0,0,0,0,0,0,0,0,0,0,0,0,0,0,0,0,0,0,0,,,,
Racing Louisville FC,Katie Lund,KATIELUND,GOALKEEPER,22,22,1980,0,66,0,0,0,0,0,0,1,1,0,0,0,0,0,0,0,0,0,0,0,387,583,66,0,127,260,200,0,0,2,88,1,41,21
North Carolina Courage,Tyler Lussi,TYLERLUSSI,FORWARD,20,14,1214,6,69,0,0,32,16,0,9,17,10,16,3,0,0.44,0,0,0,50,6,43,6,244,352,69,8,7,229,205,47,13,31,,,,
Kansas City Current,Hailie Mace,HAILIEMACE,MIDFIELDER,18,17,1432,0,74,2,0.13,13,6,2,19,31,13,2,3,0,0,0,0,0,46,16,42,2,413,557,74,13,26,374,311,45,27,15,,,,
Houston Dash,Savannah Madden,SAVANNAHMADDEN,GOALKEEPER,0,,0,0,0,0,0,0,0,0,0,0,0,0,0,0,0,0,0,0,0,0,0,0,0,0,0,0,0,0,0,0,0,0,0,0,0,0
North Carolina Courage,Rikke Marie Madsen,RIKKE MARIEMADSEN,FORWARD,17,7,642,1,73,1,0.14,5,2,1,6,12,4,4,0,0,0.14,0,0,0,40,9,64,2,171,233,73,3,4,164,105,60,3,22,,,,
Chicago Red Stars,Taylor Malham,TAYLORMALHAM,MIDFIELDER,3,2,217,0,80,0,0,0,0,0,2,0,0,0,0,0,0,0,0,0,0,2,50,0,90,113,80,0,2,88,31,100,0,6,,,,
Bay FC,Alyssa Malonson,ALYSSAMALONSON,DEFENDER,4,,54,0,67,0,0,0,0,0,0,0,0,0,0,0,0,0,0,0,0,1,50,0,16,24,67,0,1,15,15,0,3,2,,,,
Orlando Pride, Marta,MARTA,FORWARD,18,17,1445,4,82,4,0.25,21,15,4,16,18,23,2,1,0,0.25,4,4,100,71,39,68,8,505,616,82,4,70,431,282,62,14,21,,,,
NJ/NY Gotham FC,Nealy Martin,NEALYMARTIN,DEFENDER,18,16,1352,0,76,1,0.07,2,0,1,20,18,17,1,3,0,0,0,0,0,0,5,62,1,462,607,76,0,18,444,226,80,23,55,,,,
Orlando Pride,Brianna Martínez,BRIANNAMARTÍNEZ,DEFENDER,8,,49,0,68,0,0,0,0,0,1,2,1,0,0,0,0,0,0,0,0,1,100,0,23,34,68,1,4,18,23,33,4,4,,,,
North Carolina Courage,Manaka Matsukubo,MANAKAMATSUKUBO,MIDFIELDER,7,7,544,1,76,1,0.17,9,5,1,7,5,10,1,2,0,0.17,0,0,0,56,6,75,2,169,223,76,0,2,167,86,54,3,4,,,,
Racing Louisville FC,Riley Mattingly Parker,RILEYMATTINGLY PARKER,MIDFIELDER,0,,0,0,0,0,0,0,0,0,0,0,0,0,0,0,0,0,0,0,0,0,0,0,0,0,0,0,0,0,0,0,0,0,,,,
Chicago Red Stars,Addison Taylor McCain,ADDISON TAYLORMCCAIN,MIDFIELDER,1,,1,0,50,0,0,0,0,0,0,0,0,0,0,0,0,0,0,0,0,0,0,0,1,2,50,0,0,1,2,0,0,0,,,,
San Diego Wave FC,Savannah McCaskill,SAVANNAHMCCASKILL,MIDFIELDER,23,23,1962,4,70,3,0.14,34,18,3,17,17,41,14,5,0,0.18,0,0,0,53,19,48,7,630,898,70,8,50,572,485,81,4,49,,,,
Seattle Reign,Phoebe McClernon,PHOEBEMCCLERNON,DEFENDER,12,11,974,0,79,1,0.09,1,0,1,20,11,7,0,2,0,0,0,0,0,0,1,20,1,332,422,79,2,33,297,142,74,19,14,,,,
Orlando Pride,Haley McCutcheon,HALEYMCCUTCHEON,DEFENDER,22,22,1955,1,72,0,0,10,4,0,33,18,8,0,3,0,0.05,0,0,0,40,17,59,1,513,716,72,9,15,489,325,57,18,59,,,,
Racing Louisville FC,Jessica Marie McDonald,JESSICA MARIEMCDONALD,FORWARD,4,4,255,0,56,0,0,4,1,0,1,0,1,2,0,0,0,0,0,0,25,2,100,0,36,64,56,0,0,36,48,33,0,10,,,,
Portland Thorns FC,Tegan Ann McGrady,TEGAN ANNMCGRADY,DEFENDER,0,,0,0,0,0,0,0,0,0,0,0,0,0,0,0,0,0,0,0,0,0,0,0,0,0,0,0,0,0,0,0,0,0,,,,
Washington Spirit,Tara McKeown,TARAMCKEOWN,FORWARD,21,21,1833,1,78,1,0.05,15,3,1,19,17,10,0,4,0,0.05,0,0,0,20,8,89,2,801,1030,78,0,62,739,257,68,35,77,,,,
San Diego Wave FC,Kristen McNabb,KRISTENMCNABB,DEFENDER,14,13,1170,1,68,0,0,4,1,0,16,10,6,1,4,0,0.08,0,0,0,25,1,17,1,336,497,68,6,20,310,243,59,12,24,,,,
Orlando Pride,Caitlin Meghani Cosme,CAITLINMEGHANI COSME,DEFENDER,4,4,360,0,81,0,0,1,0,0,2,9,2,0,1,0,0,0,0,0,0,0,0,0,146,181,81,0,6,140,40,29,3,6,,,,
Bay FC,Emily Menges,EMILYMENGES,DEFENDER,18,17,1521,0,84,0,0,1,0,0,16,6,1,0,0,0,0,0,0,0,0,8,73,0,819,976,84,0,53,766,174,76,21,38,,,,
Utah Royals FC,Addisyn Merrick,ADDISYNMERRICK,DEFENDER,15,7,705,0,70,0,0,1,0,0,11,3,8,0,0,0,0,0,0,0,0,8,57,0,250,355,70,0,20,230,123,58,11,12,,,,
Washington Spirit,Paige Metayer,PAIGEMETAYER,MIDFIELDER,21,21,1847,3,68,1,0.05,15,7,1,24,12,7,0,0,1,0.15,0,0,0,47,21,54,4,382,562,68,2,14,366,278,48,21,91,,,,
NJ/NY Gotham FC,Kristen Anne Mewis,KRISTEN ANNEMEWIS,MIDFIELDER,14,12,1098,0,70,2,0.16,13,3,2,15,8,13,0,0,0,0,0,0,0,23,16,64,2,348,495,70,2,21,325,230,60,9,27,,,,
Chicago Red Stars,Tatumn Milazzo,TATUMNMILAZZO,DEFENDER,21,19,1787,1,72,1,0.05,3,1,1,30,20,9,0,3,0,0.05,0,0,0,33,14,88,2,679,942,72,3,36,640,334,77,22,21,,,,
NJ/NY Gotham FC,Carissa Miller,CARISSAMILLER,GOALKEEPER,10,10,900,0,69,0,0,0,0,0,0,0,2,0,1,0,0,0,0,0,0,0,0,0,219,318,69,0,75,144,101,0,0,6,30,0,45,8
Racing Louisville FC,Lauren Milliet,LAURENMILLIET,MIDFIELDER,22,22,1980,0,78,2,0.09,3,3,2,30,13,49,3,2,0,0,0,0,0,100,14,50,2,555,712,78,18,22,515,320,71,35,16,,,,
North Carolina Courage,Narumi Miura,NARUMIMIURA,MIDFIELDER,23,23,1976,1,86,3,0.14,14,6,3,44,24,19,3,0,0,0.05,0,0,0,43,16,67,4,902,1048,86,3,37,862,296,61,28,15,,,,
Utah Royals FC,Paige Monaghan,PAIGEMONAGHAN,FORWARD,22,14,1155,3,68,0,0,18,12,0,11,10,8,5,1,0,0.23,0,0,0,67,8,35,3,236,346,68,2,9,225,208,61,13,32,,,,
Orlando Pride,Megan Montefusco,MEGANMONTEFUSCO,DEFENDER,15,12,1102,0,82,0,0,2,1,0,13,6,4,0,3,0,0,0,0,0,50,1,50,0,475,581,82,0,53,422,118,81,17,25,,,,
Orlando Pride,Anna Moorhouse,ANNAMOORHOUSE,GOALKEEPER,19,19,1623,0,68,0,0,0,0,0,0,1,2,0,0,1,0,0,0,0,0,1,100,0,387,573,68,0,115,272,187,0,0,4,72,0,39,18
San Diego Wave FC,Alexandra Morgan,ALEXANDRAMORGAN,FORWARD,19,19,1629,7,64,5,0.28,49,29,5,9,26,24,19,1,0,0.39,2,2,100,59,13,41,12,293,456,64,2,6,285,255,43,16,89,,,,
Orlando Pride,Maliah Morris,MALIAHMORRIS,FORWARD,0,,0,0,0,0,0,0,0,0,0,0,0,0,0,0,0,0,0,0,0,0,0,0,0,0,0,0,0,0,0,0,0,0,,,,
Portland Thorns FC,Kayla Ann Morrison,KAYLA ANNMORRISON,DEFENDER,0,,0,0,0,0,0,0,0,0,0,0,0,0,0,0,0,0,0,0,0,0,0,0,0,0,0,0,0,0,0,0,0,0,,,,
Portland Thorns FC,Olivia Moultrie,OLIVIAMOULTRIE,MIDFIELDER,22,12,1205,2,82,3,0.22,24,13,3,16,8,8,4,1,0,0.15,0,0,0,54,17,53,5,353,433,82,2,16,335,154,57,4,35,,,,
North Carolina Courage,Casey Murphy,CASEYMURPHY,GOALKEEPER,21,21,1852,0,71,0,0,0,0,0,2,0,2,0,0,0,0,0,0,0,0,0,0,0,496,703,71,0,110,386,210,100,0,6,50,0,36,14
Racing Louisville FC,Satara Melonie Murray,SATARA MELONIEMURRAY,DEFENDER,0,,0,0,0,0,0,0,0,0,0,0,0,0,0,0,0,0,0,0,0,0,0,0,0,0,0,0,0,0,0,0,0,0,,,,
Angel City FC,Lily Nabet,LILYNABET,MIDFIELDER,11,5,410,0,77,0,0,2,0,0,5,5,2,0,1,0,0,0,0,0,0,7,70,0,127,165,77,0,5,122,59,50,6,24,,,,
Racing Louisville FC,Nadia Nadim,NADIANADIM,FORWARD,6,5,351,1,83,0,0,12,6,0,0,10,3,4,0,0,0.26,1,1,100,50,7,70,1,69,83,83,1,3,65,37,0,0,24,,,,
Chicago Red Stars,Alyssa Naeher,ALYSSANAEHER,GOALKEEPER,20,20,1800,0,72,0,0,0,0,0,1,0,5,0,0,0,0,0,0,0,0,0,0,0,456,635,72,0,141,315,186,100,0,4,80,0,46,29
Houston Dash,Yuki Nagasato,YUKINAGASATO,FORWARD,19,18,1574,3,82,2,0.11,9,5,2,13,18,19,5,2,0,0.17,0,0,0,56,12,52,5,621,755,82,2,20,599,210,59,15,32,,,,
Portland Thorns,Meaghan Nally,MEAGHANNALLY,DEFENDER,9,3,415,0,88,0,0,1,0,0,1,3,3,0,1,0,0,0,0,0,0,2,100,0,244,278,88,0,12,232,37,17,8,6,,,,
Utah Royals FC,Carly Nelson,CARLYNELSON,GOALKEEPER,3,2,265,0,81,0,0,0,0,0,0,0,0,0,0,0,0,0,0,0,0,0,0,0,67,83,81,0,7,60,17,0,0,1,10,0,35,2
Angel City FC,Paige Nielsen,PAIGENIELSEN,DEFENDER,21,21,1864,1,78,0,0,12,3,0,27,16,7,0,3,0,0.05,0,0,0,25,11,65,1,747,959,78,4,41,702,282,60,28,70,,,,
NJ/NY Gotham FC,Jenna Nighswonger,JENNANIGHSWONGER,MIDFIELDER,23,20,1825,3,73,0,0,26,11,0,43,16,14,0,6,0,0.15,1,2,50,42,16,59,3,604,828,73,18,38,548,420,72,23,22,,,,
NJ/NY Gotham FC,Kelley O'Hara,KELLEYO'HARA,DEFENDER,15,8,652,0,76,0,0,6,2,0,8,14,9,3,3,0,0,0,0,0,33,5,56,0,269,355,76,4,8,257,127,67,9,15,,,,
North Carolina Courage,Denise O'Sullivan,DENISEO'SULLIVAN,MIDFIELDER,21,21,1842,1,86,1,0.05,6,1,1,37,27,30,0,3,0,0.05,0,0,0,17,22,51,2,968,1123,86,2,26,940,247,55,28,57,,,,
Houston Dash,Bárbara Olivieri Dávila,BÁRBARAOLIVIERI DÁVILA,MIDFIELDER,7,1,171,0,70,0,0,3,1,0,3,12,4,0,2,0,0,0,0,0,33,2,25,0,35,50,70,0,4,31,43,43,1,9,,,,
Utah Royals FC,Ifeoma Onumonu,IFEOMAONUMONU,FORWARD,14,4,370,0,77,1,0.24,7,0,1,4,11,10,1,3,0,0,0,0,0,0,8,36,1,84,109,77,1,1,82,64,57,2,17,,,,
Houston Dash,Diana Ordóñez,DIANAORDÓÑEZ,FORWARD,20,15,1332,3,72,0,0,25,12,0,9,14,9,4,0,0,0.2,1,1,100,48,8,44,3,188,262,72,0,8,180,149,69,2,60,,,,
NJ/NY Gotham FC,Taylor Marie Otto,TAYLOR MARIEOTTO,DEFENDER,0,,0,0,0,0,0,0,0,0,0,0,0,0,0,0,0,0,0,0,0,0,0,0,0,0,0,0,0,0,0,0,0,0,,,,
Houston Dash,Courtney Petersen,COURTNEYPETERSEN,DEFENDER,13,6,562,0,65,0,0,3,0,0,7,6,2,2,1,0,0,0,0,0,0,0,0,0,153,236,65,5,7,141,126,50,5,10,,,,
North Carolina Courage,Victoria Pickett,VICTORIAPICKETT,MIDFIELDER,26,6,720,2,82,0,0,6,4,0,14,10,32,0,0,0,0.25,0,0,0,67,16,67,2,202,246,82,0,12,190,80,64,6,12,,,,
Bay FC,Kiara Pickett,KIARAPICKETT,DEFENDER,9,7,698,0,81,1,0.13,1,0,1,9,5,10,0,2,0,0,0,0,0,0,1,50,1,281,346,81,1,10,270,94,60,11,12,,,,
Racing Louisville FC,Carson Pickett,CARSONPICKETT,DEFENDER,20,19,1693,0,75,0,0,10,5,0,12,6,6,1,3,0,0,0,0,0,50,8,80,0,712,953,75,18,43,651,407,57,30,27,,,,
Racing Louisville FC,Elli Pikkujämsä,ELLIPIKKUJÄMSÄ,DEFENDER,18,15,1242,1,77,0,0,4,2,0,11,13,9,0,1,1,0.07,0,0,0,50,5,45,1,398,515,77,0,33,365,146,58,12,27,,,,
North Carolina Courage,Brianna Pinto,BRIANNAPINTO,MIDFIELDER,11,3,397,1,77,0,0,9,4,0,5,10,6,0,3,0,0.23,0,0,0,44,3,100,1,126,163,77,0,4,122,48,71,1,10,,,,
Angel City FC,Mackenzie Pluck,MACKENZIEPLUCK,MIDFIELDER,1,,1,0,0,0,0,0,0,0,0,0,0,0,0,0,0,0,0,0,0,0,0,0,0,2,0,0,0,0,2,0,0,0,,,,
Utah Royals FC,Madison Pogarch,MADISONPOGARCH,DEFENDER,17,8,856,1,70,1,0.11,4,1,1,15,18,23,0,4,0,0.11,0,0,0,25,10,56,2,222,317,70,2,10,210,161,60,6,19,,,,
Racing Louisville FC,Madalyn Pokorny,MADALYNPOKORNY,MIDFIELDER,8,1,246,0,72,1,0.37,5,2,1,6,4,6,0,0,0,0,0,0,0,40,5,62,1,58,80,72,3,1,54,42,67,2,10,,,,
Portland Thorns FC,Taylor Lauren Porter,TAYLOR LAURENPORTER,MIDFIELDER,7,1,195,0,77,0,0,2,0,0,4,1,0,1,0,0,0,0,0,0,0,3,60,0,81,105,77,0,6,75,32,57,5,1,,,,
Kansas City Current,Nichelle Prince,NICHELLEPRINCE,FORWARD,7,5,396,0,64,2,0.45,7,4,2,5,8,0,4,0,0,0,0,0,0,57,3,38,2,41,64,64,1,0,40,57,83,2,10,,,,
Houston Dash,Ally Samantha Prisock,ALLY SAMANTHAPRISOCK,DEFENDER,9,9,793,1,84,0,0,1,1,0,6,10,1,0,0,0,0.11,0,0,0,100,2,100,1,316,374,84,0,21,295,68,67,9,11,,,,
Portland Thorns,Gabriella Provenzano,GABRIELLAPROVENZANO,MIDFIELDER,0,,0,0,0,0,0,0,0,0,0,0,0,0,0,0,0,0,0,0,0,0,0,0,0,0,0,0,0,0,0,0,0,0,,,,
Houston Dash,Sarah Puntigam,SARAHPUNTIGAM,MIDFIELDER,6,6,469,0,75,0,0,2,0,0,9,12,0,0,2,0,0,0,0,0,0,1,33,0,146,194,75,1,9,136,61,90,2,14,,,,
NJ/NY Gotham FC,Midge Purce,MIDGEPURCE,FORWARD,15,11,977,4,73,4,0.37,27,17,4,10,15,11,5,4,0,0.37,2,2,100,63,34,52,8,175,241,73,4,7,164,181,59,0,21,,,,
Seattle Reign, Quinn,QUINN,MIDFIELDER,18,10,875,1,80,2,0.21,3,1,2,10,7,4,0,1,0,0.1,0,0,0,33,6,67,3,349,434,80,0,16,333,120,67,9,27,,,,
Seattle Reign,Megan Anna Rapinoe,MEGAN ANNARAPINOE,FORWARD,18,15,1195,4,69,5,0.38,33,18,5,8,17,24,9,2,0,0.3,2,2,100,55,18,51,9,299,432,69,13,26,260,313,50,9,35,,,,
Washington Spirit,Brittany Ratcliffe,BRITTANYRATCLIFFE,FORWARD,9,5,431,0,86,0,0,5,4,0,5,3,15,2,1,0,0,0,0,0,80,8,47,0,97,113,86,0,0,97,67,71,4,14,,,,
Angel City FC,Megan Reid,MEGANREID,DEFENDER,9,8,793,0,81,0,0,1,1,0,8,3,5,1,0,0,0,0,0,0,100,0,0,0,269,334,81,0,19,250,76,80,5,15,,,,
Orlando Pride,Thais Reiss de Araújo,THAISREISS DE ARAÚJO,DEFENDER,0,,0,0,0,0,0,0,0,0,0,0,0,0,0,0,0,0,0,0,0,0,0,0,0,0,0,0,0,0,0,0,0,0,,,,
Portland Thorns,Reyna Reyes,REYNAREYES,DEFENDER,20,6,765,1,76,0,0,3,2,0,31,8,6,1,0,0,0.12,0,0,0,67,7,44,1,271,358,76,3,17,251,155,86,12,22,,,,
Washington Spirit,Chloe Ricketts,CHLOERICKETTS,MIDFIELDER,11,2,288,0,81,0,0,3,1,0,5,7,7,0,1,0,0,0,0,0,33,6,50,0,46,57,81,2,2,42,36,71,2,2,,,,
Utah Royals FC,Kaleigh Riehl,KALEIGHRIEHL,DEFENDER,19,18,1632,0,84,0,0,2,1,0,12,6,11,0,1,0,0,0,0,0,50,1,100,0,733,872,84,0,28,705,161,52,18,46,,,,
Angel City FC,Ali Riley,ALIRILEY,DEFENDER,19,15,1326,1,74,0,0,3,2,0,32,17,10,1,3,0,0.07,0,0,0,67,7,78,1,403,548,74,9,19,375,250,68,11,27,,,,
Kansas City Current,Gabrielle Robinson,GABRIELLEROBINSON,DEFENDER,20,19,1701,0,84,0,0,2,1,0,15,7,13,0,2,0,0,0,0,0,50,15,79,0,594,711,84,2,21,571,151,71,23,29,,,,
Chicago Red Stars,Cari Roccaro,CARIROCCARO,MIDFIELDER,21,21,1830,1,84,0,0,6,3,0,27,21,16,1,2,0,0.05,0,0,0,50,19,79,1,653,780,84,1,20,632,182,60,22,10,,,,
Washington Spirit,Trinity Rodman,TRINITYRODMAN,FORWARD,19,19,1635,5,58,2,0.11,51,31,2,21,31,31,9,3,1,0.28,0,0,0,61,61,52,7,246,423,58,9,8,229,407,72,9,58,,,,
Kansas City Current,Isabel Rodriguez,ISABELRODRIGUEZ,DEFENDER,22,11,1250,3,71,2,0.14,8,4,2,20,11,16,1,3,0,0.22,0,0,0,50,5,56,5,469,658,71,10,19,440,303,74,26,26,,,,
Angel City FC,Raquel Rodríguez Cedeño,RAQUELRODRÍGUEZ CEDEÑO,MIDFIELDER,14,8,658,1,80,0,0,6,2,0,14,12,14,1,1,0,0.14,0,0,0,33,18,62,1,253,317,80,0,13,240,109,61,12,24,,,,
Bay FC,Katelyn Rowland,KATELYNROWLAND,GOALKEEPER,2,2,180,0,85,0,0,0,0,0,0,0,0,0,0,0,0,0,0,0,0,0,0,0,79,93,85,0,11,68,15,0,0,2,7,0,44,3
NJ/NY Gotham FC,Yazmeen Ryan,YAZMEENRYAN,MIDFIELDER,24,20,1831,2,78,1,0.05,32,12,1,20,23,43,1,5,0,0.1,0,0,0,38,41,47,3,556,713,78,7,23,526,381,61,20,57,,,,
Houston Dash,Ebony Salmon,EBONYSALMON,FORWARD,17,11,905,1,65,2,0.2,31,18,2,3,16,4,8,0,0,0.1,0,0,0,58,11,39,3,87,133,65,2,0,85,135,50,2,10,,,,
Orlando Pride,Emily Sams,EMILYSAMS,DEFENDER,22,22,1977,0,86,0,0,1,0,0,17,9,23,0,2,0,0,0,0,0,0,7,64,0,815,953,86,1,46,768,167,61,19,33,,,,
North Carolina Courage,Ashley Sanchez,ASHLEYSANCHEZ,FORWARD,20,19,1603,5,74,1,0.06,29,18,1,10,9,6,4,0,0,0.28,0,0,0,62,23,51,6,331,448,74,6,19,306,238,67,10,29,,,,
Houston Dash,María Sánchez,MARÍASÁNCHEZ,FORWARD,22,21,1742,4,67,4,0.21,25,12,4,8,10,29,0,3,0,0.21,0,0,0,48,24,38,8,331,494,67,12,11,308,406,38,12,42,,,,
Washington Spirit,Ouleymata Sarr,OULEYMATASARR,FORWARD,7,5,443,1,63,1,0.2,7,3,1,8,7,4,1,1,0,0.2,0,0,0,43,3,25,2,67,107,63,5,2,60,78,57,5,13,,,,
Portland Thorns,Becky Sauerbrunn,BECKYSAUERBRUNN,DEFENDER,10,9,671,0,82,0,0,3,0,0,3,0,2,0,0,0,0,0,0,0,0,0,0,0,324,394,82,0,14,310,75,27,7,13,,,,
North Carolina Courage,Clara Schilke,CLARASCHILKE,MIDFIELDER,2,1,91,0,69,0,0,2,1,0,1,1,0,0,0,0,0,0,0,0,50,3,100,0,25,36,69,0,0,25,15,25,0,7,,,,
Chicago Red Stars,Allison Schlegel,ALLISONSCHLEGEL,FORWARD,14,2,372,2,64,1,0.24,5,3,1,4,2,6,3,0,0,0.48,0,0,0,60,7,64,3,67,104,64,0,5,62,56,80,4,24,,,,
Houston Dash,Sophie Schmidt,SOPHIESCHMIDT,MIDFIELDER,20,20,1720,0,72,0,0,16,5,0,29,25,32,0,3,0,0,0,0,0,31,23,66,0,558,771,72,1,51,506,304,54,26,61,,,,
Racing Louisville FC,Olivia Sekany,OLIVIASEKANY,GOALKEEPER,0,,0,0,0,0,0,0,0,0,0,0,0,0,0,0,0,0,0,0,0,0,0,0,0,0,0,0,0,0,0,0,0,0,0,0,0,0
Bay FC,Kayla Sharples,KAYLASHARPLES,DEFENDER,11,8,695,1,79,0,0,4,2,0,7,3,1,0,1,0,0.13,0,0,0,50,0,0,1,243,307,79,0,18,225,74,54,14,17,,,,
San Diego Wave FC,Jaedyn Shaw,JAEDYNSHAW,FORWARD,23,20,1585,6,68,3,0.17,35,19,3,19,21,25,0,2,0,0.34,0,0,0,54,24,46,9,291,429,68,5,16,270,317,50,9,36,,,,
NJ/NY Gotham FC,Delanie Sheehan,DELANIESHEEHAN,MIDFIELDER,21,18,1509,1,78,2,0.12,18,5,2,13,22,14,3,0,0,0.06,0,0,0,28,24,47,3,510,652,78,4,16,490,295,54,0,25,,,,
San Diego Wave FC,Kailen Sheridan,KAILENSHERIDAN,GOALKEEPER,20,20,1799,0,79,0,0,0,0,0,0,1,7,0,0,1,0,0,0,0,0,1,100,0,799,1015,79,0,226,573,222,0,0,11,67,0,52,20
Portland Thorns,Marissa  Sheva,MARISSASHEVA,MIDFIELDER,10,2,264,0,64,0,0,0,0,0,8,6,0,0,1,0,0,0,0,0,0,3,75,0,58,90,64,1,0,57,52,57,1,5,,,,
NJ/NY Gotham FC,Meleana Shim,MELEANASHIM,MIDFIELDER,5,,52,0,72,0,0,2,1,0,1,1,0,0,0,0,0,0,0,0,50,1,100,0,21,29,72,1,1,19,13,100,1,3,,,,
San Diego Wave FC,Cheyenne Janae Shorts,CHEYENNE JANAESHORTS,DEFENDER,2,2,180,1,87,0,0,1,1,0,1,1,1,0,0,0,0.5,0,0,0,100,0,0,1,73,84,87,0,5,68,12,100,1,7,,,,
Washington Spirit,Lena Silano,LENASILANO,FORWARD,12,3,303,0,69,1,0.3,5,1,1,11,10,3,2,0,0,0,0,0,0,20,4,57,1,34,49,69,1,2,31,47,73,5,11,,,,
Kansas City Current,Jordan Silkowitz,JORDANSILKOWITZ,GOALKEEPER,0,,0,0,0,0,0,0,0,0,0,0,0,0,0,0,0,0,0,0,0,0,0,0,0,0,0,0,0,0,0,0,0,0,0,0,0,0
Portland Thorns FC,Christine Sinclair,CHRISTINESINCLAIR,FORWARD,20,13,1037,3,75,1,0.09,20,10,1,10,4,3,1,0,0,0.26,0,0,0,50,10,67,4,272,361,75,2,13,257,131,59,5,52,,,,
Portland Thorns FC,Sophia Smith,SOPHIASMITH,FORWARD,18,14,1283,11,68,5,0.35,60,39,5,9,15,27,11,2,0,0.77,1,1,100,65,49,52,16,169,248,68,1,5,163,272,82,3,13,,,,
NJ/NY Gotham FC,Taylor Smith,TAYLORSMITH,DEFENDER,8,5,454,1,62,1,0.2,6,2,1,6,7,4,2,1,0,0.2,0,0,0,33,6,40,2,90,144,62,1,3,86,105,75,3,10,,,,
North Carolina Courage,Nikia Smith,NIKIASMITH,DEFENDER,0,,0,0,0,0,0,0,0,0,0,0,0,0,0,0,0,0,0,0,0,0,0,0,0,0,0,0,0,0,0,0,0,0,,,,
NJ/NY Gotham FC,Abigail Smith,ABIGAILSMITH,GOALKEEPER,15,15,1349,0,66,0,0,0,0,0,0,0,3,0,0,0,0,0,0,0,0,0,0,0,324,488,66,0,131,193,169,0,0,8,45,0,45,19
Houston Dash,Havana Solaun,HAVANASOLAUN,MIDFIELDER,9,1,186,0,65,0,0,0,0,0,4,2,0,0,0,0,0,0,0,0,0,1,100,0,55,85,65,0,3,52,42,80,3,10,,,,
NJ/NY Gotham FC,Emily Sonnett,EMILYSONNETT,DEFENDER,22,22,1947,0,80,1,0.05,8,2,1,31,38,26,2,5,0,0,0,0,0,25,15,56,1,747,932,80,1,40,706,260,56,26,61,,,,
Houston Dash,Croix Soto,CROIXSOTO,DEFENDER,12,8,741,0,77,0,0,1,1,0,10,1,2,0,0,0,0,0,0,0,100,1,100,0,232,301,77,0,11,221,76,83,4,5,,,,
Orlando Pride,Rafaelle Souza,RAFAELLESOUZA,DEFENDER,7,7,610,1,80,0,0,7,4,0,9,6,1,0,1,0,0.15,0,0,0,57,3,60,1,243,305,80,0,30,213,71,82,11,23,,,,
Kansas City Current,Alexa Spaanstra,ALEXASPAANSTRA,FORWARD,15,5,529,2,72,1,0.17,10,5,1,5,3,6,2,0,0,0.34,0,0,0,50,10,43,3,113,158,72,1,3,109,104,56,2,8,,,,
North Carolina Courage,Meredith Speck,MEREDITHSPECK,MIDFIELDER,10,9,633,1,82,0,0,3,2,0,11,9,3,0,1,0,0.14,0,0,0,67,4,80,1,276,338,82,2,3,271,93,65,6,8,,,,
Washington Spirit,Mariana Sofía Speckmaier Fernández,MARIANA SOFÍASPECKMAIER FERNÁNDEZ,FORWARD,2,,2,0,0,0,0,0,0,0,0,1,0,0,0,0,0,0,0,0,0,0,0,0,0,0,0,0,0,0,0,0,0,2,,,,
Angel City FC,Jasmyne Spencer,JASMYNESPENCER,FORWARD,18,7,729,1,70,0,0,6,2,0,16,16,15,0,0,0,0.12,0,0,0,33,12,39,1,151,215,70,1,3,147,155,55,13,19,,,,
North Carolina Courage,Bianca St-Georges,BIANCAST-GEORGES,FORWARD,21,20,1574,4,71,1,0.06,27,15,1,23,38,7,9,3,0,0.23,0,0,0,56,27,66,5,410,578,71,9,21,380,326,70,17,19,,,,
Chicago Red Stars,Samantha Staab,SAMANTHASTAAB,DEFENDER,22,22,1980,1,78,1,0.05,9,3,1,9,24,5,0,4,0,0.05,0,0,0,33,7,100,2,857,1097,78,4,124,729,375,75,25,33,,,,
North Carolina Courage,Haleigh Kae Stackpole,HALEIGH KAESTACKPOLE,MIDFIELDER,0,,0,0,0,0,0,0,0,0,0,0,0,0,0,0,0,0,0,0,0,0,0,0,0,0,0,0,0,0,0,0,0,0,,,,
Seattle Reign,Nicole Stanton,NICOLESTANTON,MIDFIELDER,16,2,433,0,76,2,0.42,1,1,2,9,16,4,0,5,0,0,0,0,0,100,4,80,2,127,168,76,0,8,119,56,53,11,10,,,,
Chicago Red Stars,Sandra Starke,SANDRASTARKE,FORWARD,7,6,413,0,67,0,0,1,0,0,6,3,7,1,0,0,0,0,0,0,0,3,27,0,66,98,67,1,1,64,73,75,2,10,,,,
NJ/NY Gotham FC,Katherine Stengel,KATHERINESTENGEL,FORWARD,10,5,441,3,73,0,0,6,5,0,0,10,5,5,1,0,0.61,0,0,0,83,2,29,3,101,138,73,2,1,98,79,0,1,35,,,,
NJ/NY Gotham FC,Ella Stevens,ELLASTEVENS,FORWARD,22,16,1307,4,71,1,0.07,16,8,1,19,26,14,0,1,0,0.28,1,1,100,50,20,42,5,305,429,71,1,5,299,253,70,9,35,,,,
Orlando Pride,Kylie Strom,KYLIESTROM,DEFENDER,22,22,1967,1,68,1,0.05,6,1,1,43,18,42,0,2,0,0.05,0,0,0,17,19,49,2,597,880,68,7,29,561,416,53,34,64,,,,
Portland Thorns,Hina Sugita,HINASUGITA,MIDFIELDER,19,16,1372,6,83,3,0.2,24,12,3,23,12,18,0,3,0,0.39,1,1,100,50,22,63,9,405,490,83,4,13,388,175,64,14,29,,,,
Washington Spirit,Andi Sullivan,ANDISULLIVAN,MIDFIELDER,19,19,1706,0,75,0,0,14,3,0,27,27,19,0,4,0,0,0,0,0,21,9,75,0,489,649,75,0,45,444,201,71,27,53,,,,
Chicago Red Stars,Mallory Swanson,MALLORYSWANSON,FORWARD,2,2,180,1,66,0,0,7,4,0,1,2,3,0,0,0,0.5,1,1,100,57,3,50,1,25,38,66,0,2,23,41,25,0,1,,,,
Utah Royals FC,Francesca Tagliaferri,FRANCESCATAGLIAFERRI,MIDFIELDER,8,3,261,0,81,1,0.34,0,0,1,2,1,2,0,0,0,0,0,0,0,0,0,0,1,87,108,81,2,2,83,42,67,2,5,,,,
Washington Spirit,Riley Tanner,RILEYTANNER,FORWARD,0,,0,0,0,0,0,0,0,0,0,0,0,0,0,0,0,0,0,0,0,0,0,0,0,0,0,0,0,0,0,0,0,0,,,,
Angel City FC,Alyssa Thompson,ALYSSATHOMPSON,FORWARD,21,13,1177,4,73,2,0.15,15,9,2,15,17,12,7,1,0,0.31,0,0,0,60,21,54,6,196,269,73,2,2,192,200,50,8,15,,,,
Washington Spirit,Jordan Thompson,JORDANTHOMPSON,DEFENDER,0,,0,0,0,0,0,0,0,0,0,0,0,0,0,0,0,0,0,0,0,0,0,0,0,0,0,0,0,0,0,0,0,0,,,,
Utah Royals FC,Cameron Tucker,CAMERONTUCKER,FORWARD,12,2,244,0,52,0,0,4,1,0,10,9,1,2,1,0,0,0,0,0,25,4,40,0,33,64,52,0,3,30,59,77,0,5,,,,
Seattle Reign,Phallon Abaigeal Tullis-Joyce,PHALLON ABAIGEALTULLIS-JOYCE,GOALKEEPER,16,16,1440,0,68,0,0,0,0,0,0,0,3,0,0,0,0,0,0,0,0,0,0,0,202,299,68,0,65,137,98,0,0,6,45,0,42,17
San Diego Wave FC,Kelsey Turnbow,KELSEYTURNBOW,MIDFIELDER,7,,145,0,74,1,0.62,1,0,1,6,1,4,0,0,0,0,0,0,0,0,1,50,1,45,61,74,6,2,37,40,86,0,3,,,,
Orlando Pride,Erika Leigh Tymrak,ERIKA LEIGHTYMRAK,MIDFIELDER,13,10,806,0,74,3,0.33,8,3,3,8,4,14,1,0,0,0,0,0,0,38,8,57,3,176,237,74,2,6,168,104,47,3,9,,,,
Seattle Reign,Olivia Van der Jagt,OLIVIAVAN DER JAGT,MIDFIELDER,19,12,1086,1,73,0,0,5,3,0,14,5,6,1,0,0,0.08,0,0,0,60,6,50,1,380,519,73,1,9,370,184,61,11,58,,,,
San Diego Wave FC,Emily van Egmond,EMILYVAN EGMOND,MIDFIELDER,11,10,856,0,75,0,0,9,4,0,10,6,3,1,2,0,0,0,0,0,44,8,80,0,316,421,75,0,10,306,145,67,6,24,,,,
Utah Royals FC,Jennifer Vasconcelos,JENNIFERVASCONCELOS,MIDFIELDER,14,3,341,1,72,0,0,8,5,0,7,5,8,1,0,0,0.26,0,0,0,62,3,38,1,93,129,72,0,1,92,66,78,1,10,,,,
Seattle Reign,Natalie Viggiano,NATALIEVIGGIANO,MIDFIELDER,0,,0,0,0,0,0,0,0,0,0,0,0,0,0,0,0,0,0,0,0,0,0,0,0,0,0,0,0,0,0,0,0,0,,,,
Angel City FC,Mary Vignola,MARYVIGNOLA,DEFENDER,19,16,1288,3,69,1,0.07,21,10,1,22,18,11,4,2,0,0.21,0,0,0,48,22,56,4,333,482,69,4,15,314,302,67,15,34,,,,
Orlando Pride,Viviana Villacorta,VIVIANAVILLACORTA,MIDFIELDER,16,13,1106,0,84,1,0.08,2,0,1,7,8,9,0,0,0,0,0,0,0,0,9,60,1,337,402,84,0,8,329,104,50,17,7,,,,
Seattle Reign,Luany Vitória da Silva Rosa,LUANYVITÓRIA DA SILVA ROSA,FORWARD,0,,0,0,0,0,0,0,0,0,0,0,0,0,0,0,0,0,0,0,0,0,0,0,0,0,0,0,0,0,0,0,0,0,,,,
Racing Louisville FC,Shuang Wang,SHUANGWANG,MIDFIELDER,18,17,1311,2,74,2,0.14,18,9,2,11,8,7,3,2,0,0.14,2,2,100,50,21,60,4,309,420,74,1,16,292,206,61,12,11,,,,
Orlando Pride,Ally Watt,ALLYWATT,FORWARD,19,6,735,1,55,1,0.12,22,12,1,14,10,7,9,2,0,0.12,0,0,0,55,5,36,2,80,146,55,5,2,73,135,74,4,37,,,,
North Carolina Courage,Danielle Weatherholt,DANIELLEWEATHERHOLT,MIDFIELDER,21,15,1448,0,76,1,0.06,8,3,1,15,21,18,2,2,0,0,0,0,0,38,6,35,1,393,515,76,1,10,382,173,44,21,46,,,,
Portland Thorns FC,Morgan Weaver,MORGANWEAVER,MIDFIELDER,23,23,1905,7,60,4,0.19,49,25,4,12,14,13,8,1,0,0.33,0,0,0,51,33,55,11,314,525,60,8,12,294,386,67,6,40,,,,
Kansas City Current,Mallory Weber,MALLORYWEBER,DEFENDER,0,,0,0,0,0,0,0,0,0,0,0,0,0,0,0,0,0,0,0,0,0,0,0,0,0,0,0,0,0,0,0,0,0,,,,
Seattle Reign,McKenzie Weinert,MCKENZIEWEINERT,FORWARD,2,,45,0,69,0,0,1,1,0,0,3,2,1,0,0,0,0,0,0,100,0,0,0,9,13,69,0,0,9,7,0,0,2,,,,
San Diego Wave FC,Christen Westphal,CHRISTENWESTPHAL,DEFENDER,23,23,2057,0,77,4,0.18,5,1,4,18,10,6,0,1,0,0,0,0,0,20,16,59,4,669,873,77,6,39,624,361,64,32,18,,,,
NJ/NY Gotham FC,Lynn Williams,LYNNWILLIAMS,FORWARD,22,21,1951,8,64,3,0.14,67,37,3,32,26,1,5,1,0,0.37,1,1,100,55,26,50,11,422,660,64,4,21,397,440,58,24,125,,,,
North Carolina Courage,Ryan Williams,RYANWILLIAMS,DEFENDER,23,23,2015,0,84,1,0.04,1,0,1,30,20,7,1,3,0,0,0,0,0,0,12,50,1,1238,1467,84,10,44,1184,366,62,38,29,,,,
Chicago Red Stars,Cheyna Lee Williams Matthews,CHEYNA LEEWILLIAMS MATTHEWS,FORWARD,14,3,389,1,68,1,0.23,5,2,1,6,13,8,3,1,0,0.23,0,0,0,40,10,53,2,55,81,68,0,2,53,71,55,4,13,,,,
North Carolina Courage,Jenna Winebrenner,JENNAWINEBRENNER,DEFENDER,8,5,440,0,81,0,0,1,0,0,5,1,3,0,0,0,0,0,0,0,0,1,25,0,153,190,81,0,7,146,47,50,0,10,,,,
North Carolina Courage,Olivia Wingate,OLIVIAWINGATE,FORWARD,16,1,419,0,70,3,0.64,8,7,3,2,1,5,4,0,0,0,0,0,0,88,14,56,3,55,79,70,1,0,54,83,67,0,8,,,,
Chicago Red Stars,Mackenzie Wood,MACKENZIEWOOD,GOALKEEPER,0,,0,0,0,0,0,0,0,0,0,0,0,0,0,0,0,0,0,0,0,0,0,0,0,0,0,0,0,0,0,0,0,0,0,0,0,0
Racing Louisville FC,Kirsten Wright,KIRSTENWRIGHT,FORWARD,21,15,1212,4,72,1,0.07,27,13,1,5,12,4,14,1,0,0.3,0,0,0,48,13,50,5,151,209,72,3,1,147,166,50,2,38,,,,
Racing Louisville FC,Arin Wright,ARINWRIGHT,DEFENDER,20,19,1588,1,81,0,0,9,4,0,8,5,12,0,2,0,0.06,0,0,0,44,10,43,1,596,733,81,4,14,578,203,57,36,40,,,,
Racing Louisville FC,Zaneta Josseline Wyne,ZANETA JOSSELINEWYNE,DEFENDER,1,,11,0,100,0,0,0,0,0,0,0,0,0,0,0,0,0,0,0,0,0,0,0,2,2,100,0,0,2,0,0,0,1,,,,
San Diego Wave FC,Jessica Shae Yáñez Couey,JESSICA SHAEYÁÑEZ COUEY,GOALKEEPER,4,3,271,0,78,0,0,0,0,0,0,1,1,0,0,0,0,0,0,0,0,0,0,0,82,105,78,0,30,52,26,0,0,2,8,1,60,3
Orlando Pride,Summer Yates,SUMMERYATES,FORWARD,10,,108,0,59,0,0,3,0,0,5,2,4,0,0,0,0,0,0,0,0,4,33,0,17,29,59,0,1,16,36,83,0,5,,,,
NJ/NY Gotham FC,McCall Zerboni,MCCALLZERBONI,MIDFIELDER,16,5,484,0,74,0,0,4,1,0,12,11,9,1,1,0,0,0,0,0,25,9,69,0,169,229,74,0,13,156,87,71,12,13,,,,
